ProjectNumber,ProjectName,ProjectGrossCapex,DepartmentResponsible,ProjectStatus,ProjectStage,PlannedConstructionStart,PlannedConstructionFinish,RFPDate,BESTReleaseDate,DETLReleaseDate,EMPPReleaseDate,ISDDate
01001,Toronto-Barrie Reinforcement,54000000,Department 1,Active,Construction,2026-05-01,2027-11-30,2026-02-02,2025-11-17,2026-01-12,2026-04-06,2027-12-15
01002,West GTA Capacity Upgrade,84000000,Department 2,Completed,In Service,2025-01-15,2026-08-31,,2024-06-03,2024-09-16,2024-12-02,2026-09-15
01003,Eastern Ontario Link,71000000,Department 1,Approved,Design,2027-03-15,2028-09-30,,2026-04-13,2026-10-19,2027-02-01,2028-10-16
01004,Southwest Reliability Project,82000000,Department 2,Active,Design,2027-07-01,2029-01-15,2026-09-21,2026-03-02,2026-08-17,2027-05-03,2029-02-01
01005,Nipissing Supply Renewal,52000000,Department 1,Proposed,Budgetary,2028-05-01,2029-10-31,,2027-02-08,2027-10-18,2028-03-06,2029-11-15
01006,North Shore Expansion,128000000,Department 2,On Hold,Initialized,2029-04-01,2031-06-30,2028-07-10,2027-09-13,2028-05-15,2029-02-05,2031-07-15
01007,Algoma Corridor Upgrade,108000000,Department 1,Active,Construction,2026-09-01,2028-06-30,2026-03-09,2025-10-06,2026-02-16,2026-08-03,2028-07-17
01008,Kawartha Feeder Renewal,58000000,Department 2,Approved,Design,2027-02-01,2028-01-31,,2026-01-19,2026-07-13,2027-01-04,2028-02-15
01009,Waterloo-London Capacity Project,108000000,Department 1,Active,Design,2028-04-01,2029-12-15,2027-04-12,2026-10-05,2027-03-01,2028-02-07,2030-01-15
01010,Niagara Bulk Supply Upgrade,131000000,Department 2,Approved,Construction,2026-10-15,2028-03-31,,2025-12-08,2026-05-18,2026-09-14,2028-04-17
01011,Timmins Reliability Link,91000000,Department 1,Proposed,Budgetary,2028-06-01,2029-08-31,2027-11-08,2027-03-15,2027-09-20,2028-04-03,2029-09-17
01012,Central Ontario Reinforcement,117000000,Department 2,Active,Permitting,2027-09-01,2028-12-31,,2026-06-01,2027-01-18,2027-07-05,2029-01-15
01013,Kawartha Station Upgrade,33000000,Department 1,Approved,Design,2027-05-01,2028-01-15,2026-12-01,,,,2028-02-15
01014,Remote Connection Study,15000000,Department 2,Proposed,Budgetary,,,,,,,
01015,Future Portfolio Placeholder,,Department 1,Proposed,Initialized,,,,,,,
