LineID,ProjectNumber,ProjectName,ProjectGrossCapex,DepartmentResponsible,ProjectStatus,ProjectStage,PlannedConstructionStart,PlannedConstructionFinish,RFPDate,BESTReleaseDate,DETLReleaseDate,EMPPReleaseDate,ISDDate,FeatureID,FeatureType,StationID,StationName,FromName,FromLatitude,FromLongitude,ToName,ToLatitude,ToLongitude,VoltageKV,ConstructionOutsourcingStrategy,ContractID,TowerType,CircuitName,FeaturePlannedConstructionStart,FeaturePlannedConstructionFinish,FeatureRFPDate,FeatureBESTReleaseDate,FeatureDETLReleaseDate,FeatureEMPPReleaseDate,FeatureISDDate,Contractor,ContractStatus,ContractValue,Status
LINE_001,01001,Toronto-Barrie Reinforcement,54000000,Department 1,Active,Construction,2026-05-01,2027-11-30,2026-02-02,2025-11-17,2026-01-12,2026-04-06,2027-12-15,LINE_001,Line,,,Toronto Area,43.6532,-79.3832,Barrie Area,44.3894,-79.6903,230,OUT,C001,Lattice Steel - Suspension,TB230-C1,,,,,,,,Demo Gridworks Ltd,Awarded,42000000,Active
LINE_001_B,01001,Toronto-Barrie Reinforcement,54000000,Department 1,Active,Construction,2026-05-01,2027-11-30,2026-02-02,2025-11-17,2026-01-12,2026-04-06,2027-12-15,LINE_001_B,Line,,,Barrie area,44.3894,-79.6903,Orillia area,44.6087,-79.4207,230,IN,C001,Steel H-frame,TB230-C2,2026-10-01,,,,,,2028-01-15,Demo Gridworks Ltd,Awarded,42000000,Active
STATION_001,01001,Toronto-Barrie Reinforcement,54000000,Department 1,Active,Construction,2026-05-01,2027-11-30,2026-02-02,2025-11-17,2026-01-12,2026-04-06,2027-12-15,STATION_001,Substation,ST_BARRIE,Demo Barrie TS,,44.3894,-79.6903,,,,230,OUT,C001,,,,,,,,,,Demo Gridworks Ltd,Awarded,42000000,Active
LINE_002,01002,West GTA Capacity Upgrade,84000000,Department 2,Completed,In Service,2025-01-15,2026-08-31,,2024-06-03,2024-09-16,2024-12-02,2026-09-15,LINE_002,Line,,,Mississauga Area,43.5890,-79.6441,Hamilton Area,43.2557,-79.8711,500,IN,C002,Lattice Steel - Dead-end,WGTA500-C1,,,,,,,,Internal Crew,Closed,68000000,Completed
LINE_002_B,01002,West GTA Capacity Upgrade,84000000,Department 2,Completed,In Service,2025-01-15,2026-08-31,,2024-06-03,2024-09-16,2024-12-02,2026-09-15,LINE_002_B,Line,,,Hamilton area,43.2557,-79.8711,Niagara area,43.0896,-79.0849,500,OUT,C002,Lattice Steel - Dead-end,WGTA500-C2,,,,,,2026-02-01,,Internal Crew,Closed,68000000,Completed
STATION_002,01002,West GTA Capacity Upgrade,84000000,Department 2,Completed,In Service,2025-01-15,2026-08-31,,2024-06-03,2024-09-16,2024-12-02,2026-09-15,STATION_002,Substation,ST_HAMILTON,Demo Hamilton TS,,43.2557,-79.8711,,,,500,IN,C002,,,,,,,,,,Internal Crew,Closed,68000000,Completed
LINE_003,01003,Eastern Ontario Link,71000000,Department 1,Approved,Design,2027-03-15,2028-09-30,,2026-04-13,2026-10-19,2027-02-01,2028-10-16,LINE_003,Line,,,Ottawa Area,45.4215,-75.6972,Kingston Area,44.2312,-76.4860,230,IN,C003,Steel H-frame,EO230-C1,,,,,,,,Internal Crew,Internal Assignment,51000000,Approved
STATION_003,01003,Eastern Ontario Link,71000000,Department 1,Approved,Design,2027-03-15,2028-09-30,,2026-04-13,2026-10-19,2027-02-01,2028-10-16,STATION_003,Substation,ST_OTTAWA,Demo Ottawa TS,,45.4215,-75.6972,,,,230,IN,C003,,,,,,,,,,Internal Crew,Internal Assignment,51000000,Approved
LINE_004,01004,Southwest Reliability Project,82000000,Department 2,Active,Design,2027-07-01,2029-01-15,2026-09-21,2026-03-02,2026-08-17,2027-05-03,2029-02-01,LINE_004,Line,,,London Area,42.9849,-81.2453,Windsor Area,42.3149,-83.0364,230,OUT,C004,Lattice Steel - Suspension,SW230-C1,,,,,,,,Demo Tower Services,RFP Open,58000000,Active
LINE_005,01005,Nipissing Supply Renewal,52000000,Department 1,Proposed,Budgetary,2028-05-01,2029-10-31,,2027-02-08,2027-10-18,2028-03-06,2029-11-15,LINE_005,Line,,,Sudbury Area,46.4917,-80.9930,North Bay Area,46.3091,-79.4608,115,IN,C005,Wood H-frame,NS115-C1,,,,,,,,Internal Crew,Not Required,24000000,Proposed
LINE_006,01006,North Shore Expansion,128000000,Department 2,On Hold,Initialized,2029-04-01,2031-06-30,2028-07-10,2027-09-13,2028-05-15,2029-02-05,2031-07-15,LINE_006,Line,,,Thunder Bay Area,48.3809,-89.2477,Marathon Area,48.7501,-86.3753,230,OUT,C006,Guyed Lattice Steel,NSE230-C1,,,,,,,,Demo Northern Transmission,Budget Estimate,96000000,On Hold
LINE_007,01007,Algoma Corridor Upgrade,108000000,Department 1,Active,Construction,2026-09-01,2028-06-30,2026-03-09,2025-10-06,2026-02-16,2026-08-03,2028-07-17,LINE_007,Line,,,Sault Ste. Marie Area,46.5219,-84.3461,Sudbury Area,46.4917,-80.9930,230,OUT,C007,Guyed Lattice Steel,AC230-C1,,,,,,,,Demo Gridworks Ltd,Awarded,72000000,Active
STATION_007,01007,Algoma Corridor Upgrade,108000000,Department 1,Active,Construction,2026-09-01,2028-06-30,2026-03-09,2025-10-06,2026-02-16,2026-08-03,2028-07-17,STATION_007,Substation,ST_SUDBURY,Demo Sudbury TS,,46.4917,-80.9930,,,,230,OUT,C007,,,,,,,,,,Demo Gridworks Ltd,Awarded,72000000,Active
LINE_008,01008,Kawartha Feeder Renewal,58000000,Department 2,Approved,Design,2027-02-01,2028-01-31,,2026-01-19,2026-07-13,2027-01-04,2028-02-15,LINE_008,Line,,,Peterborough Area,44.3091,-78.3197,Oshawa Area,43.8971,-78.8658,115,IN,C008,Tubular Steel Monopole,KF115-C1,,,,,,,,Internal Crew,Internal Assignment,18000000,Approved
LINE_009,01009,Waterloo-London Capacity Project,108000000,Department 1,Active,Design,2028-04-01,2029-12-15,2027-04-12,2026-10-05,2027-03-01,2028-02-07,2030-01-15,LINE_009,Line,,,Kitchener-Waterloo Area,43.4516,-80.4925,London Area,42.9849,-81.2453,345,OUT,C009,Lattice Steel - Dead-end,WL345-C1,,,,,,,,Demo Tower Services,Under Evaluation,64000000,Active
LINE_010,01010,Niagara Bulk Supply Upgrade,131000000,Department 2,Approved,Construction,2026-10-15,2028-03-31,,2025-12-08,2026-05-18,2026-09-14,2028-04-17,LINE_010,Line,,,Niagara Falls Area,43.0896,-79.0849,Hamilton Area,43.2557,-79.8711,500,IN,C010,Lattice Steel - Suspension,NB500-C1,,,,,,,,Internal Crew,Internal Assignment,83000000,Approved
STATION_010,01010,Niagara Bulk Supply Upgrade,131000000,Department 2,Approved,Construction,2026-10-15,2028-03-31,,2025-12-08,2026-05-18,2026-09-14,2028-04-17,STATION_010,Substation,ST_HAMILTON,Demo Hamilton TS,,43.2557,-79.8711,,,,500,OUT,C010,,,,,,,,,2028-06-01,Internal Crew,Internal Assignment,83000000,Approved
LINE_011,01011,Timmins Reliability Link,91000000,Department 1,Proposed,Budgetary,2028-06-01,2029-08-31,2027-11-08,2027-03-15,2027-09-20,2028-04-03,2029-09-17,LINE_011,Line,,,Timmins Area,48.4758,-81.3305,Sudbury Area,46.4917,-80.9930,115,OUT,C011,Concrete Pole,TR115-C1,,,,,,,,Demo Northern Transmission,Not Issued,39000000,Proposed
LINE_012,01012,Central Ontario Reinforcement,117000000,Department 2,Active,Permitting,2027-09-01,2028-12-31,,2026-06-01,2027-01-18,2027-07-05,2029-01-15,LINE_012,Line,,,Barrie Area,44.3894,-79.6903,North Bay Area,46.3091,-79.4608,230,IN,C012,Steel H-frame,CO230-C1,,,,,,,,Internal Crew,Internal Assignment,61000000,Active
STATION_012,01012,Central Ontario Reinforcement,117000000,Department 2,Active,Permitting,2027-09-01,2028-12-31,,2026-06-01,2027-01-18,2027-07-05,2029-01-15,STATION_012,Substation,ST_BARRIE,Demo Barrie TS,,44.3894,-79.6903,,,,230,IN,C012,,,,,,,,,,Internal Crew,Internal Assignment,61000000,Active
POINT_013,01013,Kawartha Station Upgrade,33000000,Department 1,Approved,Design,2027-05-01,2028-01-15,2026-12-01,,,,2028-02-15,POINT_013,Line,,,Peterborough area,44.3091,-78.3197,,,,115,IN,C008,Tubular Steel Monopole,KW115-C1,,,,,,,,Internal Crew,Internal Assignment,18000000,Approved
UNLOCATED_014,01014,Remote Connection Study,15000000,Department 2,Proposed,Budgetary,,,,,,,,UNLOCATED_014,Line,,,,999,-80.0,,,,,OUT,,,,,,,,,,,,,,Proposed
,01015,Future Portfolio Placeholder,,Department 1,Proposed,Initialized,,,,,,,,,,,,,,,,,,,,,,,,,,,,,,,,,Proposed
